<?xml version="1.0" encoding="UTF-8"?>
<!DOCTYPE mapper PUBLIC "-//mybatis.org//DTD Mapper 3.0//EN"
        "http://mybatis.org/dtd/mybatis-3-mapper.dtd">
<mapper namespace="com.lenovo.m2.hsbuy.job.dao.order.pipeline.GoodsmaterialsMapper">

    <select id="selectMtart" resultType="com.lenovo.m2.hsbuy.job.domain.order.Goodsmaterials">
        select ID,LenovoMaterialNumber,ProductGroupNo,mtart,augru from goodsmaterials
    </select>

    <select id="selectMtartById" resultType="com.lenovo.m2.hsbuy.job.domain.order.Goodsmaterials">
        select ID,LenovoMaterialNumber,ProductGroupNo,mtart,augru from goodsmaterials where ID = #{id}
    </select>

    <insert id="saveGoodsmaterialsTempBatch" parameterType="java.util.List">
        INSERT INTO goodsmaterials_temp (
            ID,
            LenovoMaterialNumber,
            ProductGroupNo,
            mtart,
            augru,
            CreateTime,
            UpdateTime
        )
        VALUES
        <foreach collection = "list" item = "item" index = "index" separator = "," >
            (
            #{item.id},
            #{item.lenovoMaterialNumber},
            #{item.productGroupNo},
            #{item.mtart},
            #{item.augru},
            now(),
            now()
            )
        </foreach>
    </insert>

    <select id="swap_goodsmaterials_name" statementType="CALLABLE">
        {call swap_goodsmaterials_name()}
    </select>

    <delete id="delete_goodsmaterials_temp">
          TRUNCATE TABLE goodsmaterials_temp
    </delete>


    <insert id="saveGoodsmaterialsBatch" parameterType="java.util.List">
        INSERT INTO goodsmaterials (
        ID,
        LenovoMaterialNumber,
        ProductGroupNo,
        mtart,
        augru,
        CreateTime,
        UpdateTime
        )
        VALUES
        <foreach collection = "list" item = "item" index = "index" separator = "," >
            (
            #{item.id},
            #{item.lenovoMaterialNumber},
            #{item.productGroupNo},
            #{item.mtart},
            #{item.augru},
            now(),
            now()
            )
        </foreach>
    </insert>


    <update id="updateGoodsmaterialsBatch" parameterType="java.util.List">

        <foreach collection = "list" item = "item" index = "index" separator = ";" >
            UPDATE goodsmaterials SET
            LenovoMaterialNumber = #{item.lenovoMaterialNumber},
            ProductGroupNo = #{item.productGroupNo},
            mtart = #{item.mtart},
            augru = #{item.augru},
            UpdateTime = now()
            where ID = #{item.id}
        </foreach>

    </update>

    <update id="updateGoodsmaterials" parameterType="com.lenovo.m2.hsbuy.job.domain.order.Goodsmaterials">
            UPDATE goodsmaterials SET
            LenovoMaterialNumber = #{lenovoMaterialNumber},
            ProductGroupNo = #{productGroupNo},
            mtart = #{mtart},
            augru = #{augru},
            UpdateTime = now()
            where ID = #{id}
    </update>
</mapper>