<?xml version="1.0" encoding="UTF-8"?>
<!DOCTYPE mapper PUBLIC "-//mybatis.org//DTD Mapper 3.0//EN" "http://mybatis.org/dtd/mybatis-3-mapper.dtd">
<mapper namespace="com.lenovo.m2.hsbuy.job.dao.order.pipeline.ScanOrderMapper">
    
    
    <insert id="insert" parameterType="com.lenovo.m2.hsbuy.job.domain.order.ScanOrder">
        insert  into scan_order (
        OrderId,
        LenovoId,
        OrderType,
        PaymentType,
        SubmitOrderWay,
        ShopId,
        OrderTime,
        CreateTime,
        UpdateTime,
        Env)
        values (
        #{orderId,jdbcType=BIGINT},
        #{lenovoId,jdbcType=BIGINT},
        #{orderType,jdbcType=INTEGER},
        #{paymentType,jdbcType=INTEGER},
        #{submitOrderWay,jdbcType=INTEGER},
        #{shopId,jdbcType=INTEGER},
        #{orderTime,jdbcType=TIMESTAMP},
        NOW(),
        NOW(),
        #{env,jdbcType=VARCHAR}
        )
    </insert>
    
    <select id="queryHsSilentScanOrderIds" resultType="java.lang.Long">
        select OrderId
        from scan_order
        WHERE
        ScanStatus=0
        AND shopId=14
        AND submitOrderWay=2
        AND <![CDATA[ times < 3 ]]>
        AND <![CDATA[ orderTime < #{scanTime}]]>
        <if test="env!= null and env != '' ">
            AND env = #{env}
        </if>
        ORDER BY UpdateTime ASC
        limit 100
    </select>
    
    
    <select id="queryHsAuditScanOrderIds" resultType="java.lang.Long">
        select OrderId
        from scan_order
        WHERE
        ScanStatus=0
        AND shopId=14
        AND submitOrderWay=1
        AND AuditStatus=1
        AND <![CDATA[ times < 3 ]]>
        AND <![CDATA[ auditTime < #{scanTime}]]>
        <if test="env!= null and env != '' ">
            AND env = #{env}
        </if>
        ORDER BY UpdateTime ASC
        limit 100
    </select>
    
    <select id="queryHsUnAuditScanOrderIds" resultType="java.lang.Long">
        select OrderId
        from scan_order
        WHERE
        ScanStatus=0
        AND shopId=14
        AND submitOrderWay=1
        AND AuditStatus=0
        AND <![CDATA[ times < 3 ]]>
        AND <![CDATA[ orderTime < #{scanTime}]]>
        <if test="env!= null and env != '' ">
            AND env = #{env}
        </if>
        ORDER BY UpdateTime ASC
        limit 100
    </select>
    
    <select id="getScanOrderByOrderId" resultType="com.lenovo.m2.hsbuy.job.domain.order.ScanOrder">
        select * from scan_order WHERE orderId=#{orderId};
    </select>
    
    <update id="updateScanOrderFailStatus">
        update scan_order
        set ScanStatus=0,
         Times=Times+1,
         UpdateTime=NOW(),
         Code=#{code},
         Reason=#{reason}
        where orderId=#{orderId}
        AND ScanStatus=2
    </update>
    
    <update id="updateScanOrderStatus">
        update scan_order
        set ScanStatus=#{scanStatus},
         updateTime=NOW()
        where orderId=#{orderId}
    </update>
    
    <update id="updateScanOrderSuccessStatus">
        update scan_order
        set ScanStatus=1,
         times=times+1,
         updateTime=NOW()
        where orderId=#{orderId}
        AND ScanStatus=2
    </update>
    
    <update id="updateScanOrderPendingStatus">
        update scan_order
        set ScanStatus=2,
         updateTime=NOW()
        where orderId=#{orderId}
        AND ScanStatus=0
    </update>
    
    <update id="updatePayOrderScanStatus">
        update scan_order
        set ScanStatus=3,
         Times=Times+1,
         UpdateTime=NOW(),
         Code=#{code},
         Reason=#{reason}
        where orderId=#{orderId}
        AND ScanStatus in (0,2)
    </update>
    
    <update id="updatePaidCallbackScanStatus">
        update scan_order
        set ScanStatus=4,
         UpdateTime=NOW()
        where orderId=#{orderId}
        AND ScanStatus in (0,2,3)
    </update>
    
    <update id="updatePaidCallbackErrorScanStatus">
        update scan_order
        set ScanStatus=5,
         UpdateTime=NOW(),
         Code=#{code},
         Reason=#{reason}
        where orderId=#{orderId}
        AND ScanStatus in (1,4)
    </update>
    
    <update id="updateHsAuditInfo">
        update scan_order
        set AuditStatus=#{auditStatus},
         UpdateTime=NOW(),
         AuditTime = #{auditTime}
        where orderId=#{orderId}
    </update>


</mapper>