<?xml version="1.0" encoding="UTF-8"?>
<beans xmlns="http://www.springframework.org/schema/beans"
       xmlns:xsi="http://www.w3.org/2001/XMLSchema-instance"
       xmlns:dubbo="http://code.alibabatech.com/schema/dubbo"
       xsi:schemaLocation="http://www.springframework.org/schema/beans
        http://www.springframework.org/schema/beans/spring-beans.xsd
        http://code.alibabatech.com/schema/dubbo http://code.alibabatech.com/schema/dubbo/dubbo.xsd">
    
    <!--促销-->
    <!--<dubbo:reference-->
    <!--interface="com.lenovo.m2.buy.promotion.api.service.PromotionService"-->
    <!--id="soaPromotionService" timeout="10000" check="false" registry="buyRegistry"/>-->
    <!--  dubb配置注册信息分割线  -->
    <dubbo:application name="hsbuy-job"  logger="slf4j"/>
    <dubbo:registry id="buyRegistry" address="${dubbo.registry.address}" protocol="${dubbo.registry.protocol}" group="${dubbo.registry.group}"/>
    <dubbo:registry id="product" address="${dubbo.registry.address}"  protocol="${dubbo.registry.protocol}" default="false"/>


    <dubbo:reference id="orderMiddlewareService" interface="com.lenovo.m2.hsbuy.middleware.OrderMiddlewareService"
                     timeout="100000" check="false" registry="buyRegistry"/>
    <dubbo:reference id="hsLogisticsSyncTaskService"
                     interface="com.lenovo.m2.hsbuy.logistics.HsLogisticsSyncTaskService" timeout="100000" check="false"
                     registry="buyRegistry"/>
    <dubbo:reference id="smbOrderService" interface="com.lenovo.m2.hsbuy.throwengine.SmbOrderService" timeout="100000"
                     check="false" registry="buyRegistry" retries="0"/>
    
    <dubbo:reference id="sendSnService" interface="com.lenovo.m2.hsbuy.throwengine.SendSnService" timeout="100000"
                     check="false" registry="buyRegistry"/>
    
    <!--惠商-->
    <dubbo:reference id="hsStockApiService" interface="com.lenovo.m2.hsbuy.inventory.HsStockApiService" timeout="100000"  registry="buyRegistry"  check="false">
        <dubbo:method name="syncHsStock" async="true" sent="true"/>
    </dubbo:reference>
    <!--商品服务-->
    <dubbo:reference id="faBaseInfoesService" interface="com.lenovo.shop.admin.api.FaBaseInfoesService" timeout="100000"
                     check="false" registry="product"/>
    <dubbo:reference id="goodsMaterialsService" interface="com.lenovo.shop.goods.api.GoodsMaterialsService" timeout="100000"
                     check="false" registry="product"/>
</beans>