<?xml version="1.0" encoding="UTF-8"?>
<beans xmlns="http://www.springframework.org/schema/beans"
       xmlns:xsi="http://www.w3.org/2001/XMLSchema-instance" xmlns:util="http://www.springframework.org/schema/util"
       xsi:schemaLocation="http://www.springframework.org/schema/beans
       http://www.springframework.org/schema/beans/spring-beans.xsd http://www.springframework.org/schema/util http://www.springframework.org/schema/util/spring-util.xsd">


    <!--惠商同步三级地址worker-->
    <bean id="hSSyncAreaAddressWorker" class="com.lenovo.m2.hsbuy.job.address.work.HSSyncAreaAddressWorker">
        <property name="openapiUrl" value="${openapiUrl}"/>
        <property name="openapiAppKey" value="${openapiAppKey}"/>
        <property name="openapiSecret" value="${openapiSecret}"/>
    </bean>
    <bean id="hSSyncAreaAddressWorkerJob" class="org.springframework.scheduling.quartz.MethodInvokingJobDetailFactoryBean">
        <property name="targetObject" ref="hSSyncAreaAddressWorker"></property>
        <property name="targetMethod">
            <value>execute</value>
        </property>
        <property name="concurrent">
            <value>false</value>
        </property>
    </bean>
    <bean id="hSSyncAreaAddressWorkerJobTrigger" class="org.springframework.scheduling.quartz.CronTriggerFactoryBean">
        <property name="jobDetail">
            <ref bean="hSSyncAreaAddressWorkerJob" />
        </property>
        <property name="cronExpression">
            <value>0 0 1 15 * ?</value>
        </property>
    </bean>

    <!--smb同步四级地址worker-->
    <bean id="smbSyncAreaAddressWorker" class="com.lenovo.m2.hsbuy.job.address.work.SMBSyncAreaAddressWorker">
        <property name="url" value="${jdbc.smb_Sync_address.url}"/>
        <property name="username" value="${jdbc.smb_Sync_address.username}"/>
        <property name="password" value="${jdbc.smb_Sync_address.password}"/>
        <property name="driveClassName" value="${jdbc.driverClassName}"/>
    </bean>
    <bean id="smbSyncAreaAddressWorkerJob" class="org.springframework.scheduling.quartz.MethodInvokingJobDetailFactoryBean">
        <property name="targetObject" ref="smbSyncAreaAddressWorker"></property>
        <property name="targetMethod">
            <value>execute</value>
        </property>
        <property name="concurrent">
            <value>false</value>
        </property>
    </bean>
    <bean id="smbSyncAreaAddressWorkerJobTrigger" class="org.springframework.scheduling.quartz.CronTriggerFactoryBean">
        <property name="jobDetail">
            <ref bean="smbSyncAreaAddressWorkerJob" />
        </property>
        <property name="cronExpression">
            <value>0 0 2 * * ?</value>
        </property>
    </bean>
    <!--惠商同步sec库存job start-->
    <bean id="hsStockSyncWorker" class="com.lenovo.m2.hsbuy.job.inventory.worker.HsStockSyncWorker"/>

    <bean id="hsStockSyncWorkerJob" class="org.springframework.scheduling.quartz.MethodInvokingJobDetailFactoryBean">
        <property name="targetObject" ref="hsStockSyncWorker"></property>
        <property name="targetMethod">
            <value>execute</value>
        </property>
        <property name="concurrent">
            <value>false</value>
        </property>
    </bean>
    <bean id="hsStockSyncWorkerJobTrigger" class="org.springframework.scheduling.quartz.CronTriggerFactoryBean">
        <property name="jobDetail">
            <ref bean="hsStockSyncWorkerJob" />
        </property>
        <property name="cronExpression">
            <value>0 25/30 * * * ?</value>
        </property>
    </bean>
    <!--惠商同步sec库存job end-->

    <bean id="startSmbQuartz" class="org.springframework.scheduling.quartz.SchedulerFactoryBean">
        <property name="triggers">
            <list>
                <ref bean="hSSyncAreaAddressWorkerJobTrigger"/>
                <ref bean="smbSyncAreaAddressWorkerJobTrigger"/>
                <ref bean="hsStockSyncWorkerJobTrigger"/>
                <ref bean="promotionIsUseJobTrigger"/>
            </list>
        </property>
    </bean>


    <bean id="promotionIsUse" class="com.lenovo.m2.hsbuy.job.promotion.workers.PromotionIsUseJob"></bean>
    <bean id="promotionIsUseJob" class="org.springframework.scheduling.quartz.MethodInvokingJobDetailFactoryBean">
        <property name="targetObject" ref="promotionIsUse"></property>
        <property name="targetMethod">
            <value>updatePromotionIsUse</value>
        </property>
        <property name="concurrent">
            <value>false</value>
        </property>
    </bean>
    <bean id="promotionIsUseJobTrigger" class="org.springframework.scheduling.quartz.CronTriggerFactoryBean">
        <property name="jobDetail">
            <ref bean="promotionIsUseJob" />
        </property>
        <property name="cronExpression">
            <value>${promotion.updateIsUseCronExp}</value>
        </property>
    </bean>


</beans>
