<?xml version="1.0" encoding="UTF-8"?>
<beans xmlns="http://www.springframework.org/schema/beans"
       xmlns:xsi="http://www.w3.org/2001/XMLSchema-instance"
       xsi:schemaLocation="http://www.springframework.org/schema/beans http://www.springframework.org/schema/beans/spring-beans-2.5.xsd">
    
    <bean id="smbGoodsMaterials" class="com.lenovo.m2.hsbuy.job.order.workers.SmbGoodsMaterialsJob"></bean>
    <bean id="scanOrder" class="com.lenovo.m2.hsbuy.job.order.workers.ScanOrderJob"></bean>
    <bean id="smbOrderJob" class="com.lenovo.m2.hsbuy.job.order.workers.SmbOrderProcessJob"></bean>
    <bean id="hsLogisticsSyncJob" class="com.lenovo.m2.hsbuy.job.order.workers.HsLogisticsSyncJob"></bean>
    <bean id="sendSn" class="com.lenovo.m2.hsbuy.job.order.workers.SendSnJob"></bean>
    <!-- 正常订单处理Job 配置开始 -->
    
    <bean id="scanOrderJob" class="org.springframework.scheduling.quartz.MethodInvokingJobDetailFactoryBean">
        <property name="targetObject" ref="scanOrder"></property>
        <property name="targetMethod">
            <value>scanHsOrder</value>
        </property>
        <property name="concurrent">
            <value>false</value>
        </property>
    </bean>
    
    <bean id="sendSnJob" class="org.springframework.scheduling.quartz.MethodInvokingJobDetailFactoryBean">
        <property name="targetObject" ref="sendSn"></property>
        <property name="targetMethod">
            <value>sendSn</value>
        </property>
        <property name="concurrent">
            <value>false</value>
        </property>
    </bean>

    <bean id="smbGoodsmaterialsJob" class="org.springframework.scheduling.quartz.MethodInvokingJobDetailFactoryBean">
        <property name="targetObject" ref="smbGoodsMaterials"></property>
        <property name="targetMethod">
            <value>transferSmbGoodsMaterials</value>
        </property>
        <property name="concurrent">
            <value>false</value>
        </property>
    </bean>
    
    <bean id="smbGoodsmaterialsByCreateTimeJob"
          class="org.springframework.scheduling.quartz.MethodInvokingJobDetailFactoryBean">
        <property name="targetObject" ref="smbGoodsMaterials"></property>
        <property name="targetMethod">
            <value>transferSmbGoodsMaterialsByCreateTime</value>
        </property>
        <property name="concurrent">
            <value>false</value>
        </property>
    </bean>
    
    
    <bean id="scanOrderRunByCron" class="org.springframework.scheduling.quartz.CronTriggerFactoryBean">
        <property name="jobDetail">
            <ref bean="scanOrderJob"/>
        </property>
        <property name="cronExpression">
            <value>${scan.order.corn.hs}</value>
        </property>
    </bean>
    

    <bean id="smbGoodsmaterialsRunByCron" class="org.springframework.scheduling.quartz.CronTriggerFactoryBean">
        <property name="jobDetail">
            <ref bean="smbGoodsmaterialsJob"/>
        </property>
        <property name="cronExpression">
            <value>${corn.smb}</value>
        </property>
    </bean>
    
    <bean id="smbGoodsmaterialsByCreateTimeRunByCron"
          class="org.springframework.scheduling.quartz.CronTriggerFactoryBean">
        <property name="jobDetail">
            <ref bean="smbGoodsmaterialsByCreateTimeJob"/>
        </property>
        <property name="cronExpression">
            <value>${corn.smb.createTime}</value>
        </property>
    </bean>
    
    
    <bean id="smbOrderJobDetail" class="org.springframework.scheduling.quartz.MethodInvokingJobDetailFactoryBean">
        <property name="targetObject" ref="smbOrderJob"></property>
        <property name="targetMethod">
            <value>throwSmbOrderJob</value>
        </property>
        <property name="concurrent">
            <value>false</value>
        </property>
    </bean>
    <bean id="smbOrderJobTrigger" class="org.springframework.scheduling.quartz.CronTriggerFactoryBean">
        <property name="jobDetail">
            <ref bean="smbOrderJobDetail"/>
        </property>
        <property name="cronExpression">
            <value>10 0/5 * * * ?</value>
        </property>
    </bean>
    
    <bean id="sendSnRunByCron" class="org.springframework.scheduling.quartz.CronTriggerFactoryBean">
        <property name="jobDetail">
            <ref bean="sendSnJob"/>
        </property>
        <property name="cronExpression">
            <value>10 10 0/1 * * ?</value>
        </property>
    </bean>
    
    <bean id="smbPayInfoJobDetail" class="org.springframework.scheduling.quartz.MethodInvokingJobDetailFactoryBean">
        <property name="targetObject" ref="smbOrderJob"></property>
        <property name="targetMethod">
            <value>throwSmbPayInfoJob</value>
        </property>
        <property name="concurrent">
            <value>false</value>
        </property>
    </bean>
    <bean id="smbPayInfoJobTrigger" class="org.springframework.scheduling.quartz.CronTriggerFactoryBean">
        <property name="jobDetail">
            <ref bean="smbPayInfoJobDetail"/>
        </property>
        <property name="cronExpression">
            <value>20 0/5 * * * ?</value>
        </property>
    </bean>
    
    
    <bean id="hsLogisticsSyncJobDetail" class="org.springframework.scheduling.quartz.MethodInvokingJobDetailFactoryBean">
        <property name="targetObject" ref="hsLogisticsSyncJob"></property>
        <property name="targetMethod">
            <value>hsLogisticsSyncTask</value>
        </property>
        <property name="concurrent">
            <value>false</value>
        </property>
    </bean>
    <bean id="hsLogisticsSyncJobTrigger" class="org.springframework.scheduling.quartz.CronTriggerFactoryBean">
        <property name="jobDetail">
            <ref bean="hsLogisticsSyncJobDetail"/>
        </property>
        <property name="cronExpression">
            <value>30 0/1 * * * ?</value>
            <!--<value>30 0/5 * * * ?</value>-->
        </property>
    </bean>
    
    
    <bean id="startOrderQuertz" lazy-init="false" autowire="no"
          class="org.springframework.scheduling.quartz.SchedulerFactoryBean">
        <property name="triggers">
            <list>
                <ref bean="scanOrderRunByCron"/>
                <ref bean="smbGoodsmaterialsRunByCron"/>
                <ref bean="smbGoodsmaterialsByCreateTimeRunByCron"/>
                <ref bean="smbOrderJobTrigger"/>
                <ref bean="smbPayInfoJobTrigger"/>
                <ref bean="hsLogisticsSyncJobTrigger"/>
                <ref bean="sendSnRunByCron"/>
            </list>
        </property>
    </bean>

</beans>