<?xml version="1.0" encoding="UTF-8"?>
<beans xmlns="http://www.springframework.org/schema/beans"
       xmlns:xsi="http://www.w3.org/2001/XMLSchema-instance"
       xmlns:context="http://www.springframework.org/schema/context"
       xsi:schemaLocation="http://www.springframework.org/schema/beans
            http://www.springframework.org/schema/beans/spring-beans-3.2.xsd http://www.springframework.org/schema/context http://www.springframework.org/schema/context/spring-context.xsd"
       default-autowire="byName"  default-lazy-init="true">
    
    <context:component-scan base-package="com.lenovo.m2.hsbuy.job"/>
    
    <bean class="org.springframework.beans.factory.config.PropertyPlaceholderConfigurer">
        <property name="locations">
            <list>
                <value>classpath:resources.properties</value>
                <value>classpath:jdbc.properties</value>
            </list>
        </property>
    </bean>
    <bean id="prop" class="org.springframework.beans.factory.config.PropertyPlaceholderConfigurer">
        <property name="locations">
            <list>
                <value>classpath:resources.properties</value>
                <value>classpath:jdbc.properties</value>
            </list>
        </property>
    </bean>
</beans>
