<?xml version="1.0" encoding="UTF-8"?>
<beans xmlns="http://www.springframework.org/schema/beans" xmlns:xsi="http://www.w3.org/2001/XMLSchema-instance"
       xsi:schemaLocation="http://www.springframework.org/schema/beans http://www.springframework.org/schema/beans/spring-beans-4.1.xsd ">
    
    
    <bean id="kafkaConsumerOptionsPipeline" class="com.lenovo.m2.hsbuy.job.order.service.kafka.KafkaConsumerOptions">
        <property name="connectionZk" value="${kafka.registry.address}"/>
        <property name="zkSessionTimeout" value="4000"/>
        <property name="zkSyncTime" value="1000"/>
        <property name="autoCommitInterval" value="2000"/>
        <property name="rebalanceBackOff" value="2000"/>
        <property name="rebalanceMaxRetries" value="11"/>
        <property name="autoOffsetReset" value="smallest"/>
    
    </bean>
    
    <!--firstPipeline：firstOrderCode-->
    <bean id="kafkaConsumerFirstPipeline" class="com.lenovo.m2.hsbuy.job.order.service.kafka.KafkaConsumer"
          init-method="initialize" destroy-method="shutdown">
        <constructor-arg name="type" value="pipeline"/>
        <constructor-arg name="kafkaConsumerOption" ref="kafkaConsumerOptionsPipeline"/>
        <constructor-arg name="groupName" value="hsbuy_job_pipeline"/>
        <constructor-arg name="topicName" value="${kafka.produce.topic.pipeline_first_finish}"/>
    </bean>
    
    
    <!--HSAuditOrder:auditContract-->
    <bean id="kafkaConsumerHSAuditOrder" class="com.lenovo.m2.hsbuy.job.order.service.kafka.KafkaConsumer"
          init-method="initialize" destroy-method="shutdown">
        <constructor-arg name="type" value="middleware"/>
        <constructor-arg name="kafkaConsumerOption" ref="kafkaConsumerOptionsPipeline"/>
        <constructor-arg name="groupName" value="hsbuy_job_pipeline"/>
        <constructor-arg name="topicName" value="${kafka.produce.topic.hs.audit.order}"/>
    </bean>
</beans>