<?xml version="1.0" encoding="UTF-8"?>
<beans xmlns="http://www.springframework.org/schema/beans"
       xmlns:xsi="http://www.w3.org/2001/XMLSchema-instance"
       xmlns:context="http://www.springframework.org/schema/context"
       xsi:schemaLocation="http://www.springframework.org/schema/beans
       http://www.springframework.org/schema/beans/spring-beans.xsd
       http://www.springframework.org/schema/context
       http://www.springframework.org/schema/context/spring-context.xsd"
       >

    <bean id="parentdataSource" class="com.alibaba.druid.pool.DruidDataSource" destroy-method="close">
        <property name="driverClassName">
            <value>com.mysql.jdbc.Driver</value>
        </property>
        <property name="initialSize">
            <value>5</value>
        </property>
        <!-- 连接池最大使用连接数 -->
        <property name="maxActive">
            <value>100</value>
        </property>
        <!-- 获取连接最大等待时间 -->
        <property name="maxWait">
            <value>60000</value>
        </property>
        <!-- 连接池最小空闲 -->
        <property name="minIdle">
            <value>3</value>
        </property>
        <property name="testOnBorrow">
            <value>true</value>
        </property>
        <!-- 自动清除无用连接 -->
        <property name="removeAbandoned">
            <value>true</value>
        </property>
        <property name="validationQuery">
            <value>SELECT COUNT(*) FROM DUAL</value>
        </property>

        <property name="filters">
            <value>stat</value>
        </property>
        <property
                name="timeBetweenEvictionRunsMillis"><!--有两个含义： 1) Destroy线程会检测连接的间隔时间  2) testWhileIdle的判断依据，详细看testWhileIdle属性的说明-->
            <value>60000</value>
        </property>
        <property
                name="minEvictableIdleTimeMillis"><!-- Destory线程中如果检测到当前连接的最后活跃时间和当前时间的差值大于minEvictableIdleTimeMillis，则关闭当前连接。-->
            <value>300000</value>
        </property>
        <property name="testWhileIdle">
            <value>true</value>
        </property>
        <property name="testOnReturn">
            <value>false</value>
        </property>
    </bean>

    <!-- smb 每天转移物料类型-->
    <bean id="smbdbSource" parent="parentdataSource">
        <property name="driverClassName" value="com.mysql.jdbc.Driver"/>
        <property name="url" value="${jdbc.smbdb.url}"/>
        <property name="username" value="${jdbc.smbdb.username}"/>
        <property name="password" value="${jdbc.smbdb.password}"/>
    </bean>

    <!-- hsbuy -->
    <bean id="hsbuyDataSource" parent="parentdataSource">
        <property name="driverClassName" value="com.mysql.jdbc.Driver"/>
        <property name="url" value="${jdbc.hsbuy.url}"/>
        <property name="username" value="${jdbc.hsbuy.username}"/>
        <property name="password" value="${jdbc.hsbuy.password}"/>
    </bean>

    <bean id="smbdbsqlSessionFactory" class="org.mybatis.spring.SqlSessionFactoryBean">
        <property name="dataSource" ref="smbdbSource"></property>
        <property name="configLocation" value="classpath:mybatis-config.xml"/>
        <property name="mapperLocations" value="classpath*:sqlmaps/smb/*Mapper.xml" />
    </bean>
    <bean class="org.mybatis.spring.mapper.MapperScannerConfigurer">
        <property name="basePackage" value="com.lenovo.m2.hsbuy.job.dao.order.smb"/>
        <property name="sqlSessionFactoryBeanName" value="smbdbsqlSessionFactory"/>
    </bean>

    <bean id="hsbuysqlSessionFactory" class="org.mybatis.spring.SqlSessionFactoryBean">
        <property name="dataSource" ref="hsbuyDataSource"></property>
        <property name="configLocation" value="classpath:mybatis-config.xml"/>
        <property name="mapperLocations">
            <list>
                <value>classpath*:sqlmaps/pipeline/*Mapper.xml</value>
                <value>classpath*:sqlmaps/promotion/*Mapper.xml</value>
                <value>classpath*:sqlmaps/inventory/*Mapper.xml</value>
                <value>classpath*:sqlmaps/address/*Mapper.xml</value>
            </list>
        </property>
    </bean>
    <bean class="org.mybatis.spring.mapper.MapperScannerConfigurer">
        <property name="basePackage" value="com.lenovo.m2.hsbuy.job.dao.order.pipeline,com.lenovo.m2.hsbuy.job.dao.inventory,com.lenovo.m2.hsbuy.job.dao.address,com.lenovo.m2.hsbuy.job.dao.promotion"/>
        <property name="sqlSessionFactoryBeanName" value="hsbuysqlSessionFactory"/>
    </bean>

	
</beans>
