<?xml version="1.0" encoding="UTF-8"?>
<!DOCTYPE mapper PUBLIC "-//mybatis.org//DTD Mapper 3.0//EN"
        "http://mybatis.org/dtd/mybatis-3-mapper.dtd">

<mapper namespace="com.lenovo.m2.hsbuy.job.dao.inventory.StockMapper">
    <resultMap id="StockInfo" type="com.lenovo.m2.hsbuy.domain.inventory.StockInfo">
        <id column="stock_info_id" property="stockInfoId"/>
        <result column="goods_name" property="goodsName"/>
        <result column="goods_code" property="goodsCode"/>
        <result column="product_code" property="productCode"/>
        <result column="sales_number" property="salesNumber"/>
        <result column="wait_pay_number" property="waitPayNumber"/>
        <result column="paid_number" property="paidNumber"/>
        <result column="stock_number" property="stockNumber"/>
        <result column="cast_number" property="castNumber"/>
        <result column="sales_type" property="salesType"/>
        <result column="is_gift" property="isGift"/>
        <result column="is_entity" property="isEntity"/>
        <result column="sales_company_name" property="salesCompanyName"/>
        <result column="faid" property="faid"/>
        <result column="create_time" property="createTime"/>
        <result column="operator" property="operator"/>
        <result column="update_time" property="updateTime"/>
        <result column="invalid_time" property="invalidTime"/>
        <result column="online_update_time" property="onlineUpdateTime"/>
        <result column="online_operator" property="onlineOperator"/>
        <result column="invalid_type" property="invalidType"/>
        <result column="invalid_operator" property="invalidOperator"/>
        <result column="is_putaway" property="isPutaway"/>
        <result column="product_group" property="productGroup"/>
        <result column="versions" property="versions"/>
        <result column="notice_flag" property="noticeFlag"/>
        <result column="shopid" property="shopid"/>
        <result column="store_id" property="storeId"/>
        <result column="activity_type" property="activityType"/>
        <result column="proatt" property="proatt"/>
    </resultMap>


    <select id="getHsOnlineStock" resultMap="StockInfo">
        select goods_code,faid,shopid,product_code,activity_type,proatt from stock_info
        where shopid=14 and is_putaway=1 group by goods_code,faid
    </select>


</mapper>